{"accuracy": [0.47930195927619934, 0.631899356842041, 0.7041395902633667, 0.7763798832893372], "loss": [1.0088409185409546, 0.7680671811103821, 0.645410418510437, 0.5225095748901367], "val_accuracy": [0.5787037014961243, 0.697685182094574, 0.7356481552124023, 0.720370352268219], "val_loss": [0.9313248991966248, 0.6841009855270386, 0.6145499348640442, 0.7132782340049744]}